{
  "accuracy": 0.9821,
  "precision": 0.964,
  "recall": 0.8993,
  "f1": 0.9306,
  "threshold": 0.2,
  "test_size": 1115,
  "class_balance": {
    "spam": 0.1336322869955157,
    "ham": 0.8663677130044843
  }
}